Person,Opinion
Donald Trump,He has a strong presence in politics.
Donald Trump,Some people find his communication style divisive.
Donald Trump,He has inspired a lot of passion from his supporters.
Donald Trump,"Many appreciate his patriotism, while others find it polarizing."
Donald Trump,Some believe his approach could be more diplomatic.
Donald Trump,"He has a large, loyal following."
Donald Trump,"His statements are often memorable, though sometimes controversial."
Donald Trump,"He’s recognized for his economic policies by some, though others disagree."
Donald Trump,"He keeps people talking, whether positively or negatively."
Donald Trump,"His speeches are widely attended, though opinions vary on their tone."
Donald Trump,"People admire his confidence, though others find it excessive."
Donald Trump,"He remains a major figure in politics, though his style is divisive."
Donald Trump,"He’s known for his directness, which some find refreshing and others blunt."
Donald Trump,His stance on economic issues is popular with many but has critics.
Donald Trump,His popularity divides opinions strongly.
Donald Trump,"He’s regarded as a strong leader by some, controversial by others."
Donald Trump,"Some admire his resilience, while others question his approach."
Donald Trump,"He’s famous for his slogans, which attract mixed reactions."
Donald Trump,"Some appreciate his business background, while others are skeptical."
Donald Trump,"His rallies are popular, drawing both admiration and criticism."
Donald Trump,"People are divided on his policies, with strong reactions both ways."
Donald Trump,"Some people view his methods as innovative, others find them extreme."
Donald Trump,"His speeches are motivating to some, but too aggressive for others."
Donald Trump,"He has a unique communication style, though some find it abrasive."
Donald Trump,"He’s recognized by many as bold, while others see it as arrogance."
Donald Trump,"He’s often the topic of debate, some supportive, some critical."
Donald Trump,"His leadership style is commanding, but some feel it’s too forceful."
Donald Trump,"His dedication is clear, though not everyone agrees with his approach."
Donald Trump,"People respect his determination, though some wish he’d compromise more."
Donald Trump,"He’s seen as fearless, though others wish for more tact."
Donald Trump,I don't like his approach to communication.
Donald Trump,Some people feel he is too divisive.
Donald Trump,I don't agree with his policies on certain issues.
Donald Trump,People feel he could be more diplomatic.
Donald Trump,I don’t like how he handles criticism.
Donald Trump,Some think his approach is too aggressive.
Donald Trump,I don’t appreciate his social media style.
Donald Trump,Many wish he would be more inclusive in his statements.
Donald Trump,I don’t like his tone in public speeches.
Donald Trump,Some feel he focuses too much on certain topics.
Donald Trump,I don’t agree with his stance on international relations.
Donald Trump,Some feel his confidence comes off as arrogance.
Donald Trump,I don’t appreciate his approach to certain policies.
Donald Trump,Some feel he could show more empathy.
Donald Trump,I don't like the way he handles disagreements.
Donald Trump,People wish he would soften his rhetoric.
Donald Trump,I don’t like his confrontational style.
Donald Trump,Some believe he could be more respectful to differing views.
Donald Trump,I don’t agree with his stance on certain economic issues.
Donald Trump,Some find his approach to leadership too rigid.
Kamala Harris,She has a notable career in politics.
Kamala Harris,Some people find her communication style formal.
Kamala Harris,She is respected for her dedication to public service.
Kamala Harris,"Her speeches are seen as thoughtful, though some find them guarded."
Kamala Harris,People appreciate her advocacy for equality.
Kamala Harris,She has a strong support base among various groups.
Kamala Harris,Her stance on social issues is appreciated by many.
Kamala Harris,She’s admired for her dedication to justice.
Kamala Harris,She brings positive energy to her public appearances.
Kamala Harris,Her speeches often resonate with audiences.
Kamala Harris,"Some find her inspiring, others feel she could be more direct."
Kamala Harris,"People appreciate her focus on family issues, though some desire a broader approach."
Kamala Harris,"She’s known for her calm demeanor in debates, though some wish for a more assertive stance."
Kamala Harris,"Her policies are well-regarded by many, though some have concerns."
Kamala Harris,"She is seen as a role model for young women, though opinions vary."
Kamala Harris,"People admire her resilience and dedication, though some question her effectiveness."
Kamala Harris,"Some find her cautious in her statements, while others see it as thoughtful."
Kamala Harris,"Her leadership is seen as compassionate by many, while others look for a firmer approach."
Kamala Harris,"People appreciate her warm personality, though opinions on her policies vary."
Kamala Harris,"Her work on social issues is recognized widely, though some find her approach too reserved."
Kamala Harris,Some feel she could take a stronger stance on certain issues.
Kamala Harris,"Her focus on justice is admirable, though others want broader action."
Kamala Harris,"Her commitment is inspiring to some, though others feel it’s cautious."
Kamala Harris,"She’s recognized for her achievements, though some question her influence."
Kamala Harris,"Her compassionate style is widely appreciated, though not by all."
Kamala Harris,"She brings a calm approach, though some prefer a more outspoken style."
Kamala Harris,Her viewpoints resonate with some but seem limited to others.
Kamala Harris,"She’s seen as a compassionate leader, though others find her restrained."
Kamala Harris,"Her dedication is inspiring to many, though some desire more initiative."
Kamala Harris,"Her reserved style appeals to some, while others seek assertiveness."
Kamala Harris,I don't like her cautious approach on some issues.
Kamala Harris,Some feel she doesn’t take a firm enough stance.
Kamala Harris,I don't agree with her policies on specific matters.
Kamala Harris,People think she could be more assertive.
Kamala Harris,I don’t like her reserved communication style.
Kamala Harris,Some wish she would be more direct.
Kamala Harris,I don't appreciate her approach to certain policies.
Kamala Harris,Many feel she could take stronger positions.
Kamala Harris,I don’t agree with her focus on some social issues.
Kamala Harris,People wish she would address broader topics.
Kamala Harris,Some think she could be more outspoken.
Kamala Harris,I don’t like her guarded approach in public speeches.
Kamala Harris,I don’t agree with her stance on particular issues.
Kamala Harris,Some find her style too cautious.
Kamala Harris,I don’t appreciate her approach to justice reform.
Kamala Harris,Some feel she could engage more dynamically.
Kamala Harris,I don't like the way she handles certain topics.
Kamala Harris,People wish she was more transparent in her views.
Kamala Harris,I don’t agree with her cautious approach on various matters.
Kamala Harris,Some feel she could bring more energy to her leadership style.
